{
    "accuracy": [
        0.4130249619483948,
        0.9443813562393188,
        0.9855987429618835,
        0.9920544624328613,
        0.9952468872070312,
        0.9960272312164307,
        0.9965238571166992,
        0.9975879788398743,
        0.9978717565536499,
        0.9981555342674255,
        0.9983683228492737,
        0.9991486668586731,
        0.998935878276825,
        0.9990777373313904,
        0.9990777373313904,
        0.9995743632316589,
        0.9995034337043762,
        0.9997162222862244,
        0.9997162222862244,
        0.9996452927589417,
        0.9994324445724487,
        0.9995743632316589,
        0.9997871518135071,
        0.9999290704727173,
        0.9998581409454346,
        0.9997162222862244,
        0.9997162222862244,
        0.9997162222862244,
        0.9998581409454346,
        0.9999290704727173
    ],
    "loss": [
        0.8462403416633606,
        0.1398182362318039,
        0.06692924350500107,
        0.04712405428290367,
        0.03907819464802742,
        0.026514677330851555,
        0.01874198392033577,
        0.019035441800951958,
        0.02069445140659809,
        0.013596921227872372,
        0.010518609546124935,
        0.01643785834312439,
        0.01457686722278595,
        0.015952298417687416,
        0.006002307403832674,
        0.0020541565027087927,
        0.006242338102310896,
        0.007432328071445227,
        0.00470939464867115,
        0.0011531924828886986,
        0.0029339538887143135,
        0.002549078082665801,
        0.004466027021408081,
        0.0007941321237012744,
        0.0006099665770307183,
        0.0007774041150696576,
        0.0009962558979168534,
        0.0006903096218593419,
        0.0005426444695331156,
        0.000724028330296278
    ],
    "val_accuracy": [
        0.97957444190979,
        0.9875177145004272,
        0.9929078221321106,
        0.9971631169319153,
        0.9965957403182983,
        0.9982978701591492,
        0.9965957403182983,
        0.9982978701591492,
        0.99858158826828,
        0.9988652467727661,
        0.9980142116546631,
        0.9980142116546631,
        0.99858158826828,
        0.9980142116546631,
        0.999148964881897,
        0.9988652467727661,
        0.99858158826828,
        0.9988652467727661,
        0.9988652467727661,
        0.99858158826828,
        0.9988652467727661,
        0.99858158826828,
        0.99858158826828,
        0.99858158826828,
        0.99858158826828,
        0.999148964881897,
        0.999148964881897,
        0.999148964881897,
        0.9988652467727661,
        0.999148964881897
    ],
    "val_loss": [
        0.20448705554008484,
        0.05870412662625313,
        0.024320708587765694,
        0.011954904533922672,
        0.013378567062318325,
        0.009509624913334846,
        0.01062684040516615,
        0.00811604131013155,
        0.008944417349994183,
        0.008219966664910316,
        0.014016743749380112,
        0.013083495199680328,
        0.008597482927143574,
        0.009678288362920284,
        0.006305327173322439,
        0.006600244902074337,
        0.007272901013493538,
        0.008258359506726265,
        0.008695632219314575,
        0.014922413975000381,
        0.008370048366487026,
        0.011375813744962215,
        0.009054799564182758,
        0.011333567090332508,
        0.012069258838891983,
        0.00788775086402893,
        0.008223652839660645,
        0.008140108548104763,
        0.010622079484164715,
        0.009400350973010063
    ],
    "learning_rate": [
        9.999999747378752e-05,
        9.999999747378752e-05,
        9.999999747378752e-05,
        9.999999747378752e-05,
        9.999999747378752e-05,
        9.999999747378752e-05,
        9.999999747378752e-05,
        9.999999747378752e-05,
        9.999999747378752e-05,
        9.999999747378752e-05,
        9.999999747378752e-05,
        9.999999747378752e-05,
        9.999999747378752e-05,
        9.999999747378752e-05,
        9.999999747378752e-05,
        9.999999747378752e-05,
        9.999999747378752e-05,
        9.999999747378752e-05,
        9.999999747378752e-05,
        9.999999747378752e-05,
        9.999999747378752e-05,
        9.999999747378752e-05,
        4.999999873689376e-05,
        4.999999873689376e-05,
        4.999999873689376e-05,
        4.999999873689376e-05,
        4.999999873689376e-05,
        4.999999873689376e-05,
        4.999999873689376e-05,
        2.499999936844688e-05
    ]
}